,Treatment,Rep,BenchID,day,back,front,gap_back,gap_front,algae,extent
1,C,1,3,0,0,8,NA,NA,NA,8
2,C,1,3,6,22,57,36,43,0,35
3,C,1,3,9,0,52,NA,NA,0,52
4,C,1,3,13,0,83,NA,NA,1,83
5,C,1,3,16,0,98,NA,NA,3,98
6,C,1,3,20,0,103,NA,NA,3,103
7,C,1,3,23,0,105,NA,NA,2,105
8,C,1,3,27,0,110,NA,NA,2,110
9,C,1,3,30,0,114,NA,NA,1,114
10,C,2,2,0,0,8,NA,NA,NA,8
11,C,2,2,6,95,118,NA,NA,0,23
12,C,2,2,9,124,192,NA,NA,0,68
13,C,2,2,13,158,225,NA,NA,0,67
14,C,2,2,16,-228,-107,NA,NA,0,121
15,C,2,2,20,-231,-73,NA,NA,0,158
16,C,2,2,23,-233,-55,NA,NA,2,178
17,C,2,2,27,-241,-28,NA,NA,3,213
18,C,2,2,30,-253,-20,NA,NA,3,233
19,C,4,2,0,0,8,NA,NA,NA,8
20,C,4,2,6,0,21,NA,NA,0,21
21,C,4,2,9,0,32,NA,NA,0,32
22,C,4,2,13,0,64,NA,NA,2,64
23,C,4,2,16,0,98,NA,NA,3,98
24,C,4,2,20,0,119,NA,NA,3,119
25,C,4,2,23,0,151,NA,NA,3,151
26,C,4,2,27,0,172,NA,NA,3,172
27,C,4,2,30,0,177,NA,NA,2,177
28,C,5,2,0,0,8,NA,NA,NA,8
29,C,5,2,6,0,20,NA,NA,0,20
30,C,5,2,9,0,27,NA,NA,0,27
31,C,5,2,13,0,32,NA,NA,0,32
32,C,5,2,16,0,37,NA,NA,1,37
33,C,5,2,20,0,61,NA,NA,3,61
34,C,5,2,23,0,75,65,72,2,75
35,C,5,2,27,0,73,NA,NA,2,73
36,C,5,2,30,0,89,72,89,2,89
37,C,8,1,0,0,8,NA,NA,NA,8
38,C,8,1,6,9,31,NA,NA,0,22
39,C,8,1,9,2,34,16,26,1,32
40,C,8,1,13,0,38,NA,NA,3,38
41,C,8,1,16,0,47,NA,NA,2,47
42,C,8,1,20,0,50,NA,NA,2,50
43,C,8,1,23,0,53,NA,NA,2,53
44,C,8,1,27,0,60,NA,NA,3,60
45,C,8,1,30,0,65,NA,NA,1,65
46,C,11,5,0,0,8,NA,NA,NA,8
47,C,11,5,6,0,27,NA,NA,NA,27
48,C,11,5,9,0,31,NA,NA,0,31
49,C,11,5,13,0,34,NA,NA,3,34
50,C,11,5,16,0,53,NA,NA,2,53
51,C,11,5,20,0,66,NA,NA,2,66
52,C,11,5,23,0,72,NA,NA,2,72
53,C,11,5,27,0,126,94,126,2,126
54,C,11,5,30,0,127,95,125,2,127
55,C,12,2,0,0,8,NA,NA,NA,8
56,C,12,2,6,0,29,NA,NA,0,29
57,C,12,2,9,0,31,NA,NA,0,31
58,C,12,2,13,0,34,NA,NA,1,34
59,C,12,2,16,0,54,NA,NA,2,54
60,C,12,2,20,0,94,NA,NA,3,94
61,C,12,2,23,0,95,NA,NA,2,95
62,C,12,2,27,0,99,NA,NA,2,99
63,C,12,2,30,0,100,NA,NA,3,100
64,C,14,2,0,0,8,NA,NA,NA,8
65,C,14,2,6,0,24,NA,NA,0,24
66,C,14,2,9,0,38,NA,NA,0,38
67,C,14,2,13,0,62,NA,NA,0,62
68,C,14,2,16,0,97,NA,NA,1,97
69,C,14,2,20,0,109,NA,NA,3,109
70,C,14,2,23,0,111,NA,NA,2,111
71,C,14,2,27,0,126,NA,NA,3,126
72,C,14,2,30,0,135,NA,NA,3,135
73,C,15,5,0,0,8,NA,NA,NA,8
74,C,15,5,6,0,68,3,38,0,68
75,C,15,5,9,0,62,10,25,0,62
76,C,15,5,13,0,78,NA,NA,1,78
77,C,15,5,16,0,99,NA,NA,1,99
78,C,15,5,20,0,112,NA,NA,2,112
79,C,15,5,23,0,119,NA,NA,1,119
80,C,15,5,27,0,146,NA,NA,1,146
81,C,15,5,30,0,151,NA,NA,1,151
82,C,16,2,0,0,8,NA,NA,NA,8
83,C,16,2,6,-226,-207,NA,NA,0,19
84,C,16,2,9,-226,-183,NA,NA,0,43
85,C,16,2,13,-226,-155,NA,NA,1,71
86,C,16,2,16,37,228,27,102,2,191
87,C,16,2,20,-235,-71,NA,NA,3,164
88,C,16,2,23,-232,-43,NA,NA,1,189
89,C,16,2,27,-264,-33,NA,NA,2,231
90,C,16,2,30,-249,-29,NA,NA,2,220
91,C,18,3,0,0,8,NA,NA,NA,8
92,C,18,3,6,-274,-254,NA,NA,0,20
93,C,18,3,9,-274,-240,NA,NA,0,34
94,C,18,3,13,-274,-225,NA,NA,2,49
95,C,18,3,16,-274,-222,NA,NA,3,52
96,C,18,3,20,-274,-220,NA,NA,3,54
97,C,18,3,23,-274,-218,NA,NA,3,56
98,C,18,3,27,-274,-215,NA,NA,2,59
99,C,18,3,30,-274,-214,NA,NA,1,60
100,C,23,1,0,0,8,NA,NA,NA,8
101,C,23,1,6,0,26,NA,NA,0,26
102,C,23,1,9,0,34,NA,NA,0,34
103,C,23,1,13,0,76,NA,NA,1,76
104,C,23,1,16,0,112,NA,NA,3,112
105,C,23,1,20,0,138,NA,NA,2,138
106,C,23,1,23,0,145,NA,NA,2,145
107,C,23,1,27,0,149,NA,NA,3,149
108,C,23,1,30,0,152,NA,NA,1,152
109,C,24,1,0,0,8,NA,NA,NA,8
110,C,24,1,6,0,87,12,74,0,87
111,C,24,1,9,2,63,11,29,0,61
112,C,24,1,13,0,88,NA,NA,1,88
113,C,24,1,16,0,116,NA,NA,3,116
114,C,24,1,20,0,135,NA,NA,2,135
115,C,24,1,23,0,148,NA,NA,2,148
116,C,24,1,27,0,154,NA,NA,2,154
117,C,24,1,30,0,155,NA,NA,1,155
118,C,25,2,0,0,8,NA,NA,NA,8
119,C,25,2,6,0,32,9,19,0,32
120,C,25,2,9,0,33,NA,NA,0,33
121,C,25,2,13,0,35,NA,NA,1,35
122,C,25,2,16,0,55,44,53,3,55
123,C,25,2,20,0,94,56,90,1,94
124,C,25,2,23,0,97,58,93,1,97
125,C,25,2,27,0,60,NA,NA,3,60
126,C,25,2,30,0,100,62,96,2,100
127,S,1,3,0,0,8,NA,NA,NA,8
128,S,1,3,6,0,10,NA,NA,0,10
129,S,1,3,9,0,24,NA,NA,0,24
130,S,1,3,13,0,23,NA,NA,0,23
131,S,1,3,16,0,24,NA,NA,0,24
132,S,1,3,20,0,25,NA,NA,0,25
133,S,1,3,23,0,26,NA,NA,0,26
134,S,1,3,27,0,27,NA,NA,1,27
135,S,1,3,30,0,31,NA,NA,0,31
136,S,2,2,0,0,8,NA,NA,NA,8
137,S,2,2,6,0,10,NA,NA,0,10
138,S,2,2,9,0,16,NA,NA,0,16
139,S,2,2,13,0,13,NA,NA,1,13
140,S,2,2,16,0,17,NA,NA,0,17
141,S,2,2,20,0,16,NA,NA,0,16
142,S,2,2,23,0,25,NA,NA,1,25
143,S,2,2,27,0,26,NA,NA,1,26
144,S,2,2,30,0,27,NA,NA,1,27
145,S,3,5,0,0,8,NA,NA,NA,8
146,S,3,5,6,0,18,NA,NA,0,18
147,S,3,5,9,0,19,NA,NA,1,19
148,S,3,5,13,0,18,NA,NA,3,18
149,S,3,5,16,0,20,NA,NA,2,20
150,S,3,5,20,0,20,NA,NA,1,20
151,S,3,5,23,0,21,NA,NA,1,21
152,S,3,5,27,0,22,NA,NA,1,22
153,S,3,5,30,0,21,NA,NA,1,21
154,S,5,1,0,0,8,NA,NA,NA,8
155,S,5,1,6,0,8,NA,NA,0,8
156,S,5,1,9,0,10,NA,NA,1,10
157,S,5,1,13,0,10,NA,NA,2,10
158,S,5,1,16,0,11,NA,NA,2,11
159,S,5,1,20,0,10,NA,NA,1,10
160,S,5,1,23,0,13,NA,NA,1,13
161,S,5,1,27,0,15,NA,NA,2,15
162,S,5,1,30,0,16,NA,NA,1,16
163,S,7,4,0,0,8,NA,NA,NA,8
164,S,7,4,6,0,6,NA,NA,0,6
165,S,7,4,9,0,9,NA,NA,0,9
166,S,7,4,13,0,10,NA,NA,0,10
167,S,7,4,16,0,15,NA,NA,0,15
168,S,7,4,20,0,13,NA,NA,0,13
169,S,7,4,23,0,18,NA,NA,0,18
170,S,7,4,27,0,18,NA,NA,1,18
171,S,7,4,30,0,18,NA,NA,1,18
172,S,9,2,0,0,8,NA,NA,NA,8
173,S,9,2,6,0,9,NA,NA,0,9
174,S,9,2,9,0,11,NA,NA,0,11
175,S,9,2,13,0,13,NA,NA,0,13
176,S,9,2,16,0,14,NA,NA,0,14
177,S,9,2,20,0,13,NA,NA,0,13
178,S,9,2,23,0,15,NA,NA,0,15
179,S,9,2,27,0,16,NA,NA,2,16
180,S,9,2,30,0,17,NA,NA,1,17
181,S,10,5,0,0,8,NA,NA,NA,8
182,S,10,5,6,0,6,NA,NA,0,6
183,S,10,5,9,0,8,NA,NA,0,8
184,S,10,5,13,0,13,NA,NA,1,13
185,S,10,5,16,0,21,NA,NA,1,21
186,S,10,5,20,0,31,NA,NA,1,31
187,S,10,5,23,0,30,NA,NA,2,30
188,S,10,5,27,0,31,NA,NA,1,31
189,S,10,5,30,0,31,NA,NA,1,31
190,S,11,3,0,0,8,NA,NA,NA,8
191,S,11,3,6,0,4,NA,NA,0,4
192,S,11,3,9,0,12,NA,NA,0,12
193,S,11,3,13,0,17,NA,NA,1,17
194,S,11,3,16,0,20,NA,NA,3,20
195,S,11,3,20,0,21,NA,NA,0,21
196,S,11,3,23,0,22,NA,NA,1,22
197,S,11,3,27,0,23,NA,NA,1,23
198,S,11,3,30,0,23,NA,NA,1,23
199,S,12,5,0,0,8,NA,NA,NA,8
200,S,12,5,6,0,6,NA,NA,0,6
201,S,12,5,9,0,6,NA,NA,0,6
202,S,12,5,13,0,9,NA,NA,1,9
203,S,12,5,16,0,20,NA,NA,0,20
204,S,12,5,20,0,20,NA,NA,0,20
205,S,12,5,23,0,20,NA,NA,1,20
206,S,12,5,27,0,21,NA,NA,0,21
207,S,12,5,30,0,20,NA,NA,1,20
208,S,13,5,0,0,8,NA,NA,NA,8
209,S,13,5,6,0,6,NA,NA,0,6
210,S,13,5,9,0,8,NA,NA,0,8
211,S,13,5,13,0,9,NA,NA,3,9
212,S,13,5,16,0,10,NA,NA,1,10
213,S,13,5,20,0,10,NA,NA,0,10
214,S,13,5,23,0,17,NA,NA,1,17
215,S,13,5,27,0,17,NA,NA,1,17
216,S,13,5,30,0,17,NA,NA,1,17
217,S,14,2,0,0,8,NA,NA,NA,8
218,S,14,2,6,0,8,NA,NA,0,8
219,S,14,2,9,0,20,NA,NA,0,20
220,S,14,2,13,0,21,NA,NA,1,21
221,S,14,2,16,0,21,NA,NA,0,21
222,S,14,2,20,0,21,NA,NA,1,21
223,S,14,2,23,0,23,NA,NA,1,23
224,S,14,2,27,0,23,NA,NA,2,23
225,S,14,2,30,0,26,NA,NA,0,26
226,S,16,3,0,0,8,NA,NA,NA,8
227,S,16,3,6,0,5,NA,NA,0,5
228,S,16,3,9,0,20,NA,NA,0,20
229,S,16,3,13,0,22,NA,NA,0,22
230,S,16,3,16,0,23,NA,NA,0,23
231,S,16,3,20,0,24,NA,NA,0,24
232,S,16,3,23,0,29,NA,NA,0,29
233,S,16,3,27,0,31,NA,NA,1,31
234,S,16,3,30,0,31,NA,NA,1,31
235,S,17,5,0,0,8,NA,NA,NA,8
236,S,17,5,6,0,20,NA,NA,0,20
237,S,17,5,9,0,13,NA,NA,0,13
238,S,17,5,13,0,14,NA,NA,3,14
239,S,17,5,16,0,21,NA,NA,2,21
240,S,17,5,20,0,27,NA,NA,0,27
241,S,17,5,23,0,30,NA,NA,1,30
242,S,17,5,27,0,30,NA,NA,1,30
243,S,17,5,30,0,31,NA,NA,1,31
244,S,18,1,0,0,8,NA,NA,NA,8
245,S,18,1,6,0,6,NA,NA,0,6
246,S,18,1,9,0,7,NA,NA,1,7
247,S,18,1,13,0,10,NA,NA,2,10
248,S,18,1,16,0,12,NA,NA,2,12
249,S,18,1,20,0,11,NA,NA,2,11
250,S,18,1,23,0,12,NA,NA,2,12
251,S,18,1,27,0,12,NA,NA,1,12
252,S,18,1,30,0,14,NA,NA,1,14
253,S,19,1,0,0,8,NA,NA,NA,8
254,S,19,1,6,0,6,NA,NA,0,6
255,S,19,1,9,0,8,NA,NA,1,8
256,S,19,1,13,0,9,NA,NA,3,9
257,S,19,1,16,0,14,NA,NA,2,14
258,S,19,1,20,0,14,NA,NA,2,14
259,S,19,1,23,0,16,NA,NA,1,16
260,S,19,1,27,0,23,NA,NA,1,23
261,S,19,1,30,0,27,NA,NA,1,27
262,S,20,1,0,0,8,NA,NA,NA,8
263,S,20,1,6,0,13,NA,NA,0,13
264,S,20,1,9,0,18,NA,NA,1,18
265,S,20,1,13,0,22,NA,NA,2,22
266,S,20,1,16,0,46,NA,NA,2,46
267,S,20,1,20,0,46,NA,NA,1,46
268,S,20,1,23,0,67,NA,NA,1,67
269,S,20,1,27,0,70,NA,NA,1,70
270,S,20,1,30,0,71,NA,NA,1,71
271,S,21,1,0,0,8,NA,NA,NA,8
272,S,21,1,6,0,6,NA,NA,0,6
273,S,21,1,9,0,7,NA,NA,1,7
274,S,21,1,13,0,8,NA,NA,3,8
275,S,21,1,16,0,10,NA,NA,2,10
276,S,21,1,20,0,11,NA,NA,2,11
277,S,21,1,23,0,12,NA,NA,1,12
278,S,21,1,27,0,13,NA,NA,2,13
279,S,21,1,30,0,14,NA,NA,1,14
280,S,24,3,0,0,8,NA,NA,NA,8
281,S,24,3,6,0,8,NA,NA,0,8
282,S,24,3,9,0,9,NA,NA,0,9
283,S,24,3,13,0,11,NA,NA,0,11
284,S,24,3,16,0,14,NA,NA,0,14
285,S,24,3,20,0,15,NA,NA,1,15
286,S,24,3,23,0,15,NA,NA,1,15
287,S,24,3,27,0,18,NA,NA,2,18
288,S,24,3,30,0,18,NA,NA,2,18
289,S,25,1,0,0,8,NA,NA,NA,8
290,S,25,1,6,0,10,NA,NA,0,10
291,S,25,1,9,0,10,NA,NA,1,10
292,S,25,1,13,0,10,NA,NA,3,10
293,S,25,1,16,0,11,NA,NA,2,11
294,S,25,1,20,0,12,NA,NA,2,12
295,S,25,1,23,0,16,NA,NA,2,16
296,S,25,1,27,0,17,NA,NA,2,17
297,S,25,1,30,0,17,NA,NA,2,17
