,cam,img_id,treatment,Rep,day,cm,gutter_width,lemna_width,frond_no,density_fpcm,LE_cm,cm_plus,fromLE
8,5,08-18/0063,S,11,30,5,11.6,11.6,77,6.6,23,5,18
9,5,08-18/0064,S,11,30,9,11.4,11.4,58,NA,23,9,14
10,5,08-18/0064,S,11,30,11,11.5,9.7,43,NA,23,11,12
11,5,08-18/0064,S,11,30,13,11.2,4.7,18,NA,23,13,10
12,5,08-18/0161,S,11,30,15,11.2,1.1,2,1.8,23,15,8
13,5,08-18/0064,S,11,30,17,11.6,0.6,2,NA,23,17,6
14,5,08-18/0064,S,11,30,19,11.2,0.8,3,NA,23,19,4
15,5,08-18/0064,S,11,30,21,0,0,0,NA,23,21,2
16,5,08-18/0064,S,11,30,23,11.5,1,5,5,23,23,0
17,5,08-18/0091,C,5,30,5,11.3,11.3,59,5.2,89,5,84
18,5,08-18/0091,C,5,30,15,11.4,11.4,69,6.1,89,15,74
19,5,08-18/0092,C,5,30,25,11.7,11.7,63,5.4,89,25,64
20,5,08-18/0092,C,5,30,35,11.6,11.6,50,4.3,89,35,54
21,5,08-18/0093,C,5,30,45,11.8,11.8,24,2,89,45,44
22,5,08-18/0093,C,5,30,55,11.7,11.7,24,2.1,89,55,34
23,5,08-18/0094,C,5,30,65,11.5,11.5,5,0.4,89,65,24
24,5,08-18/0094,C,5,30,73,11.7,11.7,1,NA,89,73,16
25,5,08-18/0094,C,5,30,75,0,0,0,0,89,75,14
26,5,08-18/0095,C,5,30,77,0,0,0,NA,89,77,12
27,5,08-18/0095,C,5,30,79,0,0,0,NA,89,79,10
28,5,08-18/0095,C,5,30,81,0,0,0,NA,89,81,8
29,5,08-18/0095,C,5,30,83,0,0,0,NA,89,83,6
30,5,08-18/0095,C,5,30,85,0,0,0,0,89,85,4
31,5,08-18/0095,C,5,30,87,0,0,0,NA,89,87,2
32,5,08-18/0095,C,5,30,89,11.7,11.7,2,0.2,89,89,0
33,5,08-18/0106,C,25,30,15,11.2,11.2,60,5.4,100,15,85
34,5,08-18/0106,C,25,30,25,11.2,11.2,57,5.1,100,25,75
35,5,08-18/0107,C,25,30,35,11.6,11.6,49,4.2,100,35,65
36,5,08-18/0162,C,25,30,45,11.5,11.5,20,1.7,100,45,55
37,5,08-18/0162,C,25,30,55,11.5,11.5,23,2,100,55,45
38,5,08-18/0162,C,25,30,65,0,0,0,0,100,65,35
39,5,08-18/0162,C,25,30,75,0,0,0,0,100,75,25
40,5,08-18/0164,C,25,30,85,0,0,0,0,100,85,15
41,5,08-18/0164,C,25,30,89,0,0,0,NA,100,89,11
42,5,08-18/0164,C,25,30,91,0,0,0,NA,100,91,9
43,5,08-18/0164,C,25,30,93,0,0,0,NA,100,93,7
44,5,08-18/0164,C,25,30,95,0,0,0,0,100,95,5
45,5,08-18/0164,C,25,30,97,0,0,0,NA,100,97,3
46,5,08-18/0164,C,25,30,99,0,0,0,NA,100,99,1
47,5,08-18/0164,C,25,30,101,11.8,11.8,8,0.7,100,101,-1
48,5,08-18/120,S,18,30,5,11.5,11.5,63,5.5,14,5,9
49,5,08-18/120,S,18,30,9,11.4,2.3,9,NA,14,9,5
50,5,08-18/120,S,18,30,10,11.4,1.6,7,NA,14,10,4
51,5,08-18/120,S,18,30,11,11.4,1,3,NA,14,11,3
52,5,08-18/120,S,18,30,12,11.3,1.2,2,NA,14,12,2
53,5,08-18/120,S,18,30,13,11.3,1.5,4,2.7,14,13,1
54,5,08-18/133,C,8,30,5,12,12,66,5.5,65,5,60
55,5,08-18/133,C,8,30,15,12,12,65,5.4,65,15,50
56,5,08-18/134,C,8,30,25,12,12,67,5.6,65,25,40
57,5,08-18/134,C,8,30,35,11.9,11.9,42,3.5,65,35,30
58,5,08-18/135,C,8,30,45,12,12,35,2.9,65,45,20
59,5,08-18/135,C,8,30,51,12.2,12.2,21,NA,65,51,14
60,5,08-18/135,C,8,30,53,12.2,12.2,16,NA,65,53,12
61,5,08-18/135,C,8,30,55,11.9,11.9,28,2.4,65,55,10
62,5,08-18/135,C,8,30,57,12,12,22,NA,65,57,8
63,5,08-18/135,C,8,30,59,12.1,12.1,22,NA,65,59,6
64,5,08-18/135,C,8,30,61,12.1,12.1,17,NA,65,61,4
65,5,08-18/135,C,8,30,63,12,12,15,NA,65,63,2
66,5,08-18/135,C,8,30,64,11.9,11.9,6,0.5,65,64,1
67,5,08-18/146,C,11,30,5,11.3,11.3,66,5.8,127,5,122
68,5,08-18/146,C,11,30,15,11.4,11.4,64,5.6,127,15,112
69,5,08-18/147,C,11,30,25,11.9,11.9,63,5.3,127,25,102
70,5,08-18/147,C,11,30,35,12,12,47,3.9,127,35,92
71,5,08-18/148,C,11,30,45,12,12,31,2.6,127,45,82
72,5,08-18/148,C,11,30,55,11.9,11.9,23,1.9,127,55,72
73,5,08-18/148,C,11,30,65,11.9,11.9,36,3,127,65,62
74,5,08-18/149,C,11,30,75,11.3,11.3,37,3.3,127,75,52
75,5,08-18/149,C,11,30,85,11.8,11.8,25,2.1,127,85,42
76,5,08-18/150,C,11,30,95,11.8,11.8,1,0.1,127,95,32
77,5,08-18/150,C,11,30,105,0,0,0,0,127,105,22
78,5,08-18/151,C,11,30,113,0,0,0,NA,127,113,14
79,5,08-18/151,C,11,30,115,0,0,0,0,127,115,12
80,5,08-18/151,C,11,30,117,0,0,0,NA,127,117,10
81,5,08-18/151,C,11,30,119,0,0,0,NA,127,119,8
82,5,08-18/151,C,11,30,121,0,0,0,NA,127,121,6
83,5,08-18/151,C,11,30,123,0,0,0,NA,127,123,4
84,5,08-18/152,C,11,30,125,NA,NA,0,0,127,125,2
85,5,08-18/152,C,11,30,127,NA,10.4,2,0.2,127,127,0
86,4,08-18/1043,S,17,30,5,11.7,7.6,29,3.8,31,5,26
87,4,08-18/1043,S,17,30,15,11.8,4.4,26,5.9,31,15,16
88,4,08-18/1044,S,17,30,17,11.9,4.3,21,NA,31,17,14
89,4,08-18/1044,S,17,30,19,11.7,5.9,26,NA,31,19,12
90,4,08-18/1044,S,17,30,21,11.9,1.9,14,NA,31,21,10
91,4,08-18/1044,S,17,30,23,11.6,2,11,NA,31,23,8
92,4,08-18/1044,S,17,30,25,11.9,3.5,15,4.3,31,25,6
93,4,08-18/1044,S,17,30,27,12.1,4.7,20,NA,31,27,4
94,4,08-18/1044,S,17,30,29,12,0.9,2,NA,31,29,2
95,4,08-18/1044,S,17,30,30,12,1.6,5,3.1,31,30,1
96,4,08-18/1056,C,15,30,5,11.9,11.9,67,5.6,151,5,146
97,4,08-18/1056,C,15,30,15,11.8,11.8,72,6.1,151,15,136
98,4,08-18/1057,C,15,30,25,11.6,11.6,69,5.9,151,25,126
99,4,08-18/1057,C,15,30,35,11.6,11.6,65,5.6,151,35,116
100,4,08-18/1058,C,15,30,45,12,12,73,6.1,151,45,106
101,4,08-18/1058,C,15,30,55,11.7,11.7,62,5.3,151,55,96
102,4,08-18/1059,C,15,30,65,11.9,11.9,64,5.4,151,65,86
103,4,08-18/1059,C,15,30,75,11.9,11.9,66,5.5,151,75,76
104,4,08-18/1060,C,15,30,85,12,12,70,5.8,151,85,66
105,4,08-18/1060,C,15,30,95,11.8,11.8,61,5.2,151,95,56
106,4,08-18/1061,C,15,30,105,11.9,11.9,35,2.9,151,105,46
107,4,08-18/1061,C,15,30,115,12,12,38,3.2,151,115,36
108,4,08-18/1062,C,15,30,125,12.2,12.2,43,3.5,151,125,26
109,4,08-18/1062,C,15,30,135,12.1,12.1,31,2.6,151,135,16
110,4,08-18/1063,C,15,30,137,12.4,12.4,25,NA,151,137,14
111,4,08-18/1063,C,15,30,139,12.3,12.3,32,NA,151,139,12
112,4,08-18/1063,C,15,30,141,12.3,12.3,36,NA,151,141,10
113,4,08-18/1063,C,15,30,143,12.3,12.3,30,NA,151,143,8
114,4,08-18/1063,C,15,30,145,12.2,12.2,19,1.6,151,145,6
115,4,08-18/1063,C,15,30,147,12.3,12.3,31,NA,151,147,4
116,4,08-18/1063,C,15,30,149,12.4,12.4,20,NA,151,149,2
117,4,08-18/1063,C,15,30,151,12.2,12.2,11,0.9,151,151,0
153,4,08-18/1099,S,16,30,5,11.1,11.1,64,5.8,31,5,26
154,4,08-18/1099,S,16,30,15,11.3,6.5,36,5.5,31,15,16
155,4,08-18/1100,S,16,30,17,11.4,5.5,27,4.9,31,17,14
156,4,08-18/1100,S,16,30,19,11.4,4.5,20,4.4,31,19,12
157,4,08-18/1100,S,16,30,21,11.3,3.1,20,6.5,31,21,10
158,4,08-18/1100,S,16,30,23,11.1,3.6,17,4.7,31,23,8
159,4,08-18/1100,S,16,30,25,11.4,5.4,23,4.3,31,25,6
160,4,08-18/1100,S,16,30,27,11.4,1.1,5,4.5,31,27,4
161,4,08-18/1100,S,16,30,29,NA,NA,0,0,31,29,2
162,4,08-18/1100,S,16,30,31,11.4,1.1,4,3.6,31,31,0
195,4,08-18/1127,S,2,30,5,10.8,9.7,64,6.6,27,5,22
196,4,08-18/1128,S,2,30,13,11.2,9.8,58,NA,27,13,14
197,4,08-18/1127,S,2,30,15,10.8,6.3,36,5.7,27,15,12
198,4,08-18/1128,S,2,30,17,11.2,4.5,17,NA,27,17,10
199,4,08-18/1128,S,2,30,19,11.2,3.4,12,3.5,27,19,8
200,4,08-18/1128,S,2,30,21,11.1,1.7,6,3.5,27,21,6
201,4,08-18/1128,S,2,30,23,NA,NA,0,0,27,23,4
202,4,08-18/1128,S,2,30,25,10.8,1,4,4,27,25,2
203,4,08-18/1128,S,2,30,27,10.8,1,4,4,27,27,0
204,4,08-18/1156,C,24,30,5,11.5,11.5,61,5.3,155,5,150
205,4,08-18/1156,C,24,30,15,11.7,11.7,60,5.1,155,15,140
206,4,08-18/1156,C,24,30,25,11.9,11.9,67,5.6,155,25,130
207,4,08-18/1157,C,24,30,35,11.9,11.9,75,6.3,155,35,120
208,4,08-18/1157,C,24,30,45,11.8,11.8,75,6.4,155,45,110
209,4,08-18/1158,C,24,30,55,11.6,11.6,76,6.6,155,55,100
210,4,08-18/1158,C,24,30,65,11.7,11.7,64,5.5,155,65,90
211,4,08-18/1159,C,24,30,75,11.9,11.9,70,5.9,155,75,80
212,4,08-18/1160,C,24,30,85,11.9,11.9,64,5.4,155,85,70
213,4,08-18/1160,C,24,30,95,11.9,11.9,45,3.8,155,95,60
214,4,08-18/1161,C,24,30,105,11.6,11.6,41,3.5,155,105,50
215,4,08-18/1161,C,24,30,115,11.7,11.7,38,3.2,155,115,40
216,4,08-18/1162,C,24,30,125,12.1,12.1,45,3.7,155,125,30
217,4,08-18/1162,C,24,30,135,12,12,49,4.1,155,135,20
218,4,08-18/1163,C,24,30,141,11.9,11.9,38,NA,155,141,14
219,4,08-18/1163,C,24,30,143,12.1,12.1,40,NA,155,143,12
220,4,08-18/1163,C,24,30,145,11.9,11.9,48,4,155,145,10
221,4,08-18/1163,C,24,30,147,12.3,12.3,34,NA,155,147,8
222,4,08-18/1163,C,24,30,149,12.3,12.3,41,NA,155,149,6
223,4,08-18/1163,C,24,30,151,12.3,12.3,42,NA,155,151,4
224,4,08-18/1163,C,24,30,153,12.3,12.3,36,NA,155,153,2
225,4,08-18/1163,C,24,30,155,11.9,11.9,4,0.3,155,155,0
226,4,08-18/1169,C,23,30,5,11.2,11.2,59,5.3,152,5,147
227,4,08-18/1169,C,23,30,15,11.1,11.1,57,5.1,152,15,137
228,4,08-18/1170,C,23,30,25,11.2,11.2,57,5.1,152,25,127
229,4,08-18/1170,C,23,30,35,11.2,11.2,50,4.5,152,35,117
230,4,08-18/1171,C,23,30,45,11.3,11.3,52,4.6,152,45,107
231,4,08-18/1171,C,23,30,55,11.3,11.3,57,5,152,55,97
232,4,08-18/1172,C,23,30,65,11.5,11.5,52,4.5,152,65,87
233,4,08-18/1172,C,23,30,75,11.5,11.5,48,4.2,152,75,77
234,4,08-18/1173,C,23,30,85,11.6,11.6,45,3.9,152,85,67
235,4,08-18/1173,C,23,30,95,11.6,11.6,39,3.4,152,95,57
236,4,08-18/1174,C,23,30,105,11.6,11.6,37,3.2,152,105,47
237,4,08-18/1174,C,23,30,115,11.7,11.7,27,2.3,152,115,37
238,4,08-18/1175,C,23,30,125,12,12,27,2.3,152,125,27
239,4,08-18/1175,C,23,30,135,12,12,26,2.2,152,135,17
240,4,08-18/1176,C,23,30,137,12,12,34,NA,152,137,15
241,4,08-18/1176,C,23,30,139,11.9,11.9,24,NA,152,139,13
242,4,08-18/1176,C,23,30,141,11.8,11.8,24,NA,152,141,11
243,4,08-18/1176,C,23,30,143,11.8,11.8,26,NA,152,143,9
244,4,08-18/1176,C,23,30,145,11.7,11.7,22,1.9,152,145,7
245,4,08-18/1176,C,23,30,147,11.8,11.8,18,NA,152,147,5
246,4,08-18/1176,C,23,30,149,11.8,11.8,6,NA,152,149,3
247,4,08-18/1176,C,23,30,151,11.6,11.6,3,0.3,152,151,1
248,3,08-18/1026,S,12,30,5,11.4,6.6,34,5.2,20,5,15
249,3,08-18/1026,S,12,30,7,11.7,1.8,6,NA,20,7,13
250,3,08-18/1026,S,12,30,9,11.8,1.3,6,NA,20,9,11
251,3,08-18/1026,S,12,30,11,11.8,0,0,NA,20,11,9
252,3,08-18/1026,S,12,30,13,11.8,1.5,7,NA,20,13,7
253,3,08-18/1026,S,12,30,15,11.2,1.3,6,4.6,20,15,5
254,3,08-18/1026,S,12,30,16,11.6,2.1,7,NA,20,16,4
255,3,08-18/1026,S,12,30,18,11.6,NA,14,3,20,18,2
256,3,08-18/1026,S,12,30,20,11.1,1.2,5,4.2,20,20,0
291,3,08-18/1083,S,24,30,5,11.5,10.1,58,5.7,18,5,13
292,3,08-18/1083,S,24,30,7,11.8,11.8,51,NA,18,7,11
293,3,08-18/1083,S,24,30,9,11.8,7.2,28,NA,18,9,9
294,3,08-18/1083,S,24,30,11,11.8,8.8,41,NA,18,11,7
295,3,08-18/1083,S,24,30,13,11.9,6.3,31,NA,18,13,5
296,3,08-18/1083,S,24,30,15,11.8,1.8,7,3.9,18,15,3
297,3,08-18/1083,S,24,30,17,11.8,2.3,12,5.2,18,17,1
298,3,08-18/1097,C,12,30,5,11.5,11.5,56,4.9,100,5,95
299,3,08-18/1097,C,12,30,15,11.7,11.7,62,5.3,100,15,85
300,3,08-18/1098,C,12,30,25,11.5,11.5,70,6.1,100,25,75
301,3,08-18/1099,C,12,30,35,11.6,11.6,58,5,100,35,65
302,3,08-18/1099,C,12,30,45,11.7,11.7,31,2.6,100,45,55
303,3,08-18/1100,C,12,30,55,11.8,11.8,36,3.1,100,55,45
304,3,08-18/1100,C,12,30,65,12.1,12.1,42,3.5,100,65,35
305,3,08-18/1101,C,12,30,75,12,12,37,3.1,100,75,25
306,3,08-18/1101,C,12,30,85,12,12,54,4.5,100,85,15
307,3,08-18/1102,C,12,30,87,11.8,11.8,49,NA,100,87,13
308,3,08-18/1102,C,12,30,89,11.8,11.8,42,NA,100,89,11
309,3,08-18/1102,C,12,30,91,11.8,11.8,47,NA,100,91,9
310,3,08-18/1102,C,12,30,93,11.8,11.8,46,NA,100,93,7
311,3,08-18/1102,C,12,30,95,11.9,11.9,43,3.6,100,95,5
312,3,08-18/1102,C,12,30,97,11.8,11.8,34,NA,100,97,3
313,3,08-18/1102,C,12,30,99,11.8,11.8,33,NA,100,99,1
314,3,08-18/1102,C,12,30,100,11.8,10.6,24,2.3,100,100,0
315,3,08-18/1111,S,9,30,5,12.2,5.4,24,4.4,17,5,12
316,3,08-18/1111,S,9,30,7,11.8,9.7,52,NA,17,7,10
317,3,08-18/1111,S,9,30,9,11.8,8.5,45,NA,17,9,8
318,3,08-18/1111,S,9,30,11,11.8,10.5,51,NA,17,11,6
319,3,08-18/1111,S,9,30,13,11.8,2.9,14,NA,17,13,4
320,3,08-18/1111,S,9,30,15,12.3,1.6,5,3.1,17,15,2
321,3,08-18/1111,S,9,30,16,12.2,0.6,1,1.7,17,16,1
322,3,08-18/1125,S,21,30,5,12.1,7.3,34,4.7,14,5,9
323,3,08-18/1126,S,21,30,7,11.5,8.8,37,NA,14,7,7
324,3,08-18/1126,S,21,30,9,11.5,10.7,43,NA,14,9,5
325,3,08-18/1126,S,21,30,11,11.6,4.9,17,NA,14,11,3
326,3,08-18/1126,S,21,30,12,11.6,4.7,16,NA,14,12,2
327,3,08-18/1126,S,21,30,13,11.9,1.5,9,6,14,13,1
328,3,08-18/1126,S,21,30,14,11.7,2.1,9,NA,14,14,0
329,3,08-18/1139,S,25,30,5,11.8,11.8,63,5.3,16,5,11
330,3,08-18/1139,S,25,30,7,11.9,10.4,53,NA,16,7,9
331,3,08-18/1139,S,25,30,9,11.6,8.9,47,NA,16,9,7
332,3,08-18/1139,S,25,30,11,11.8,4.8,27,NA,16,11,5
333,3,08-18/1139,S,25,30,13,11.8,3.7,12,NA,16,13,3
334,3,08-18/1139,S,25,30,15,11.7,2.6,14,5.4,16,15,1
335,3,08-18/1139,S,25,30,16,11.8,1.9,7,NA,16,16,0
336,2,08-18/1145,S,3,30,5,11.7,6.9,38,5.5,21,5,16
337,2,08-18/1145,S,3,30,9,11.9,5.5,25,NA,21,9,12
338,2,08-18/1145,S,3,30,11,12,5.4,17,NA,21,11,10
339,2,08-18/1145,S,3,30,13,12,5.3,20,NA,21,13,8
340,2,08-18/1145,S,3,30,15,12.1,6.2,25,4,21,15,6
341,2,08-18/1145,S,3,30,17,12.1,5.1,14,2.7,21,17,4
342,2,08-18/1145,S,3,30,19,NA,NA,0,NA,21,19,2
343,2,08-18/1145,S,3,30,20,12.2,1.1,3,NA,21,20,1
378,2,08-18/1257,S,20,30,5,11.9,8,34,4.3,71,5,66
379,2,08-18/1258,S,20,30,15,11.1,6.3,31,4.9,71,15,56
380,2,08-18/1258,S,20,30,25,11.2,0.97,3,3.1,71,25,46
381,2,08-18/1259,S,20,30,35,11.2,1.5,7,4.7,71,35,36
382,2,08-18/1259,S,20,30,45,11,2.1,11,5.2,71,45,26
383,2,08-18/1260,S,20,30,55,11.2,1.1,2,1.8,71,55,16
384,2,08-18/1260,S,20,30,57,11.2,0,0,NA,71,57,14
385,2,08-18/1260,S,20,30,59,11.3,1.1,1,NA,71,59,12
386,2,08-18/1260,S,20,30,61,11.3,0,0,NA,71,61,10
387,2,08-18/1260,S,20,30,63,11.3,0,0,NA,71,63,8
388,2,08-18/1260,S,20,30,65,11.3,0,0,0,71,65,6
389,2,08-18/1260,S,20,30,67,11.3,0,0,NA,71,67,4
390,2,08-18/1260,S,20,30,69,11.6,2.3,4,NA,71,69,2
391,2,08-18/1260,S,20,30,70,11.4,1.7,7,4.1,71,70,1
392,2,08-18/1271,S,5,30,5,11.2,7.8,38,4.9,16,5,11
393,2,08-18/1271,S,5,30,9,11.2,10.3,36,NA,16,9,7
394,2,08-18/1271,S,5,30,10,11.3,9.9,42,NA,16,10,6
395,2,08-18/1271,S,5,30,11,11.3,7.8,34,NA,16,11,5
396,2,08-18/1271,S,5,30,12,11.3,6.1,18,NA,16,12,4
397,2,08-18/1271,S,5,30,13,11.3,6.2,24,NA,16,13,3
398,2,08-18/1271,S,5,30,14,11.3,5.5,26,NA,16,14,2
399,2,08-18/1271,S,5,30,15,11.3,4.8,20,4.2,16,15,1
400,2,08-18/1201,C,1,30,5,11.9,11.9,59,5,114,5,109
401,2,08-18/1201,C,1,30,15,12.1,12.1,72,6,114,15,99
402,2,08-18/1202,C,1,30,25,11.7,11.7,66,5.6,114,25,89
403,2,08-18/1202,C,1,30,35,11.7,11.7,63,5.4,114,35,79
404,2,08-18/1203,C,1,30,45,11.9,11.9,65,5.5,114,45,69
405,2,08-18/1203,C,1,30,55,12.1,12.1,71,5.9,114,55,59
406,2,08-18/1204,C,1,30,65,12,12,62,5.2,114,65,49
407,2,08-18/1204,C,1,30,75,12,12,70,5.8,114,75,39
408,2,08-18/1205,C,1,30,85,11.9,11.9,60,5,114,85,29
409,2,08-18/1205,C,1,30,95,12.1,12.1,59,4.9,114,95,19
410,2,08-18/1206,C,1,30,99,12.2,12.2,50,NA,114,99,15
411,2,08-18/1206,C,1,30,101,12.3,12.3,55,NA,114,101,13
412,2,08-18/1206,C,1,30,103,12.3,12.3,39,NA,114,103,11
413,2,08-18/1206,C,1,30,105,12.1,12.1,35,2.9,114,105,9
414,2,08-18/1206,C,1,30,107,12.4,12.4,24,NA,114,107,7
415,2,08-18/1206,C,1,30,109,12.4,12.4,17,NA,114,109,5
416,2,08-18/1206,C,1,30,111,12.4,12.4,4,NA,114,111,3
417,2,08-18/1206,C,1,30,113,12.4,12.4,1,NA,114,113,1
447,2,08-18/1229,C,14,30,5,11.5,11.5,66,5.7,135,5,130
448,2,08-18/1230,C,14,30,15,11.5,11.5,61,5.3,135,15,120
449,2,08-18/1230,C,14,30,25,11.6,11.6,56,4.8,135,25,110
450,2,08-18/1231,C,14,30,35,11.7,11.7,59,5,135,35,100
451,2,08-18/1231,C,14,30,45,11.9,11.9,72,6.1,135,45,90
452,2,08-18/1232,C,14,30,55,11.9,11.9,66,5.5,135,55,80
453,2,08-18/1232,C,14,30,65,12.1,12.1,70,5.8,135,65,70
454,2,08-18/1233,C,14,30,75,12.2,12.2,62,5.1,135,75,60
455,2,08-18/1233,C,14,30,85,12.4,12.4,64,5.2,135,85,50
456,2,08-18/1233,C,14,30,95,12.6,12.6,47,3.7,135,95,40
457,2,08-18/1234,C,14,30,105,12.5,12.5,29,2.3,135,105,30
458,2,08-18/1234,C,14,30,115,12.7,12.7,27,2.1,135,115,20
459,2,08-18/1235,C,14,30,121,12.6,12.6,26,NA,135,121,14
460,2,08-18/1235,C,14,30,123,12.7,12.7,33,NA,135,123,12
461,2,08-18/1235,C,14,30,125,12.8,12.8,22,1.7,135,125,10
462,2,08-18/1235,C,14,30,127,12.8,12.8,24,NA,135,127,8
463,2,08-18/1235,C,14,30,129,12.8,12.8,19,NA,135,129,6
464,2,08-18/1235,C,14,30,131,12.8,12.8,13,NA,135,131,4
465,2,08-18/1235,C,14,30,133,12.8,12.8,7,NA,135,133,2
466,2,08-18/1235,C,14,30,134,12.8,12.8,4,NA,135,134,1
467,1,08-18/1067,S,10,30,5,11.1,11.1,33,3,31,5,26
468,1,08-18/1067,S,10,30,15,11.1,0.7,2,2.9,31,15,16
469,1,08-18/1068,S,10,30,17,11.3,0.4,1,NA,31,17,14
470,1,08-18/1068,S,10,30,19,11.3,1.4,6,NA,31,19,12
471,1,08-18/1068,S,10,30,21,11.2,0.9,2,NA,31,21,10
472,1,08-18/1068,S,10,30,23,11.2,0,0,NA,31,23,8
473,1,08-18/1068,S,10,30,25,11.3,NA,0,0,31,25,6
474,1,08-18/1068,S,10,30,27,11.2,2.3,2,NA,31,27,4
475,1,08-18/1068,S,10,30,29,11.2,0,0,NA,31,29,2
476,1,08-18/1068,S,10,30,30,11.6,1,3,3,31,30,1
512,1,08-18/1080,S,13,30,5,11.5,4.8,15,3.1,17,5,12
513,1,08-18/1080,S,13,30,9,11.4,4.3,18,NA,17,9,8
514,1,08-18/1080,S,13,30,10,11.4,3.8,4,NA,17,10,7
515,1,08-18/1080,S,13,30,11,11.4,3.3,9,NA,17,11,6
516,1,08-18/1080,S,13,30,12,11.4,0.6,1,NA,17,12,5
517,1,08-18/1080,S,13,30,13,11.4,1.2,2,NA,17,13,4
518,1,08-18/1080,S,13,30,14,NA,NA,0,NA,17,14,3
519,1,08-18/1080,S,13,30,15,11.7,1.4,3,2.1,17,15,2
520,1,08-18/1080,S,13,30,16,11.7,1.3,4,3.1,17,16,1
521,1,08-18/1094,S,7,30,5,11.7,7.3,38,5.2,18,5,13
522,1,08-18/1095,S,7,30,9,11.7,8.1,30,NA,18,9,9
523,1,08-18/1095,S,7,30,11,11.8,5.1,16,NA,18,11,7
524,1,08-18/1095,S,7,30,12,11.6,3.8,14,NA,18,12,6
525,1,08-18/1095,S,7,30,13,11.7,5,20,NA,18,13,5
526,1,08-18/1095,S,7,30,14,11.6,4,16,NA,18,14,4
527,1,08-18/1095,S,7,30,15,11.5,3,13,4.3,18,15,3
528,1,08-18/1095,S,7,30,16,11.8,3.3,12,NA,18,16,2
529,1,08-18/1095,S,7,30,17,11.6,1.8,5,2.8,18,17,1
530,1,08-18/1137,S,1,30,5,12.1,3.8,18,4.7,31,5,26
531,1,08-18/1138,S,1,30,15,11.7,5.5,27,4.9,31,15,16
532,1,08-18/1138,S,1,30,17,11.8,6.9,34,NA,31,17,14
533,1,08-18/1138,S,1,30,19,11.8,5.1,24,NA,31,19,12
534,1,08-18/1138,S,1,30,21,11.7,0,0,NA,31,21,10
535,1,08-18/1139,S,1,30,23,11.7,0,0,NA,31,23,8
536,1,08-18/1139,S,1,30,25,11.6,3,9,3,31,25,6
537,1,08-18/1139,S,1,30,27,11.8,3.4,4,NA,31,27,4
538,1,08-18/1139,S,1,30,29,11.8,4.6,21,NA,31,29,2
539,1,08-18/1139,S,1,30,30,11.7,1.5,4,2.7,31,30,1
540,1,08-18/1165,S,14,30,5,11.2,11.2,56,5,26,5,21
541,1,08-18/1165,S,14,30,13,11.2,11.2,55,NA,26,13,13
542,1,08-18/1165,S,14,30,15,11.3,11.3,71,6.3,26,15,11
543,1,08-18/1165,S,14,30,17,11.1,11.1,55,NA,26,17,9
544,1,08-18/1165,S,14,30,19,11.1,8.5,39,NA,26,19,7
545,1,08-18/1165,S,14,30,21,11,7,29,NA,26,21,5
546,1,08-18/1165,S,14,30,23,10.9,2.9,8,NA,26,23,3
547,1,08-18/1165,S,14,30,25,11,1.5,2,1.3,26,25,1
548,1,08-18/1193,S,19,30,5,11.9,11.9,54,4.5,27,5,22
549,1,08-18/1194,S,19,30,13,11.9,7.8,30,NA,27,13,14
550,1,08-18/1193,S,19,30,15,11.8,8.2,30,3.7,27,15,12
551,1,08-18/1194,S,19,30,17,11.9,6.7,30,NA,27,17,10
552,1,08-18/1194,S,19,30,19,12,4.5,16,NA,27,19,8
553,1,08-18/1194,S,19,30,21,11.9,2.3,7,NA,27,21,6
554,1,08-18/1194,S,19,30,23,11.7,3.5,9,NA,27,23,4
555,1,08-18/1194,S,19,30,25,12.2,3.4,6,1.8,27,25,2
556,1,08-18/1194,S,19,30,26,12.2,3.1,10,3.2,27,26,1
586,1,08-18/1151,C,4,30,5,11.6,11.6,67,5.8,176,5,171
587,1,08-18/1152,C,4,30,15,11.5,11.5,73,6.3,176,15,161
588,1,08-18/1152,C,4,30,25,11.5,11.5,65,5.7,176,25,151
589,1,08-18/1153,C,4,30,35,11.5,11.5,75,6.5,176,35,141
590,1,08-18/1153,C,4,30,45,11.6,11.6,59,5.1,176,45,131
591,1,08-18/1154,C,4,30,55,12.1,12.1,56,4.6,176,55,121
592,1,08-18/1154,C,4,30,65,12,12,42,3.5,176,65,111
593,1,08-18/1155,C,4,30,75,12.1,12.1,44,3.6,176,75,101
594,1,08-18/1155,C,4,30,85,12.1,12.1,50,4.1,176,85,91
595,1,08-18/1156,C,4,30,95,12.4,12.4,40,3.2,176,95,81
596,1,08-18/1156,C,4,30,105,12.3,12.3,34,2.8,176,105,71
597,1,08-18/1156,C,4,30,115,12.3,12.3,33,2.7,176,115,61
598,1,08-18/1157,C,4,30,125,12.2,12.2,31,2.5,176,125,51
599,1,08-18/1157,C,4,30,135,12.2,12.2,39,3.2,176,135,41
600,1,08-18/1158,C,4,30,145,12.1,12.1,32,2.6,176,145,31
601,1,08-18/1158,C,4,30,155,11.7,11.7,37,3.2,176,155,21
602,1,08-18/1158,C,4,30,161,12,12,24,NA,176,161,15
603,1,08-18/1158,C,4,30,163,11.9,11.9,34,NA,176,163,13
604,1,08-18/1159,C,4,30,165,11.7,11.7,30,2.6,176,165,11
605,1,08-18/1160,C,4,30,167,11.7,11.7,27,NA,176,167,9
606,1,08-18/1160,C,4,30,169,11.7,11.7,17,NA,176,169,7
607,1,08-18/1160,C,4,30,171,11.7,11.7,15,NA,176,171,5
608,1,08-18/1160,C,4,30,173,11.7,11.7,6,NA,176,173,3
609,1,08-18/1160,C,4,30,175,11.9,11.9,0,0,176,175,1
610,1,08-18/1160,C,4,30,176,11.6,11.6,4,NA,176,176,0
714,NA,,C,2,30,-245,NA,NA,NA,NA,199,NA,NA
713,NA,,C,2,30,-235,NA,NA,NA,NA,199,NA,NA
712,NA,,C,2,30,-225,NA,NA,NA,NA,199,NA,NA
711,4,08-18/1151,C,2,30,-215,11.6,11.6,63,NA,199,4,195
710,4,08-18/1151,C,2,30,-205,11.5,11.5,53,NA,199,14,185
709,4,08-18/1151,C,2,30,-195,11.4,11.4,65,NA,199,24,175
708,4,08-18/1150,C,2,30,-185,11.7,11.7,59,NA,199,34,165
707,4,08-18/1150,C,2,30,-175,11.7,11.7,53,NA,199,44,155
706,4,08-18/1150,C,2,30,-165,11.6,11.6,57,NA,199,54,145
705,4,08-18/1148,C,2,30,-155,11.9,11.9,59,NA,199,64,135
704,4,08-18/1148,C,2,30,-145,12,12,58,NA,199,74,125
703,4,08-18/1147,C,2,30,-135,11.7,11.7,51,NA,199,84,115
702,4,08-18/1147,C,2,30,-125,11.9,11.9,54,NA,199,94,105
701,4,08-18/1147,C,2,30,-115,11.6,11.6,58,NA,199,104,95
700,4,08-18/1146,C,2,30,-105,11.8,11.8,49,NA,199,114,85
699,4,08-18/1146,C,2,30,-95,11.7,11.7,57,NA,199,124,75
698,4,08-18/1145,C,2,30,-85,11.6,11.6,53,NA,199,134,65
697,4,08-18/1145,C,2,30,-75,11.6,11.6,43,NA,199,144,55
696,4,08-18/1144,C,2,30,-65,11.4,11.4,49,NA,199,154,45
695,4,08-18/1144,C,2,30,-55,11.5,11.5,43,NA,199,164,35
694,4,08-18/1143,C,2,30,-45,11.6,11.6,38,NA,199,174,25
693,4,08-18/1143,C,2,30,-35,11.5,11.5,21,NA,199,184,15
692,4,08-18/1143,C,2,30,-33,11.5,11.5,23,NA,199,186,13
691,4,08-18/1143,C,2,30,-31,11.5,11.5,24,NA,199,188,11
690,4,08-18/1142,C,2,30,-29,11.3,11.3,25,NA,199,190,9
689,4,08-18/1142,C,2,30,-27,11.1,11.1,20,NA,199,192,7
688,4,08-18/1142,C,2,30,-25,11.3,11.3,11,NA,199,194,5
687,4,08-18/1142,C,2,30,-23,11.3,11.3,12,NA,199,196,3
686,4,08-18/1142,C,2,30,-21,11.4,11.4,3,NA,199,198,1
511,2,08-18/1255,C,16,20,-248,12,12,1,0.1,196,NA,NA
510,2,08-18/1255,C,16,20,-247,0,0,0,NA,196,NA,NA
509,2,08-18/1255,C,16,20,-245,12.1,12.1,0,0,196,NA,NA
508,2,08-18/1255,C,16,20,-243,0,0,0,NA,196,NA,NA
507,2,08-18/1255,C,16,20,-241,12.2,12.2,2,NA,196,NA,NA
506,2,08-18/1255,C,16,20,-239,0,0,0,NA,196,NA,NA
505,2,08-18/1255,C,16,20,-237,12.2,12.2,2,NA,196,NA,NA
504,2,08-18/1254,C,16,30,-235,12.2,12.2,11,0.9,196,NA,NA
503,2,08-18/1254,C,16,30,-225,12.2,12.2,41,3.4,196,0,196
502,2,08-18/1253,C,16,30,-215,11.8,11.8,57,4.8,196,10,186
501,2,08-18/1253,C,16,30,-205,11.9,11.9,56,4.7,196,20,176
500,2,08-18/1252,C,16,30,-195,11.9,11.9,65,5.5,196,30,166
499,2,08-18/1252,C,16,30,-185,12,12,63,5.3,196,40,156
498,2,08-18/1251,C,16,30,-175,11.8,11.9,64,5.4,196,50,146
497,2,08-18/1251,C,16,30,-165,12,12,60,5,196,60,136
496,2,08-18/1250,C,16,30,-155,12.3,12.3,66,5.4,196,70,126
495,2,08-18/1250,C,16,30,-145,12.4,12.4,50,4,196,80,116
494,2,08-18/1249,C,16,30,-135,12.1,12.1,51,4.2,196,90,106
493,2,08-18/1249,C,16,30,-125,12.2,12.2,49,4,196,100,96
492,2,8-18/1248,C,16,30,-115,11.7,11.7,37,3.2,196,110,86
491,2,08-18/1248,C,16,30,-105,11.9,11.9,44,3.7,196,120,76
490,2,08-18/1248,C,16,30,-95,12,12,33,2.8,196,130,66
489,2,08-18/1247,C,16,30,-85,11.8,11.8,30,2.5,196,140,56
488,2,08-18/1247,C,16,30,-75,11.8,11.8,41,3.5,196,150,46
487,2,08-18/1246,C,16,30,-65,11.8,11.8,33,2.8,196,160,36
486,2,08-18/1245,C,16,30,-55,11.5,11.5,34,3,196,170,26
485,2,08-18/1245,C,16,30,-45,11.6,11.6,28,2.4,196,180,16
484,2,08-18/1245,C,16,30,-43,11.5,11.5,25,NA,196,182,14
483,2,08-18/1245,C,16,30,-41,11.5,11.5,21,NA,196,184,12
482,2,08-18/1245,C,16,30,-39,11.5,11.5,27,NA,196,186,10
481,2,08-18/1245,C,16,30,-37,11.5,11.5,19,NA,196,188,8
480,2,08-18/1244,C,16,30,-35,11.6,11.6,21,1.8,196,190,6
479,2,08-18/1245,C,16,30,-33,11.4,11.4,16,NA,196,192,4
478,2,08-18/1245,C,16,30,-31,11.1,11.1,8,NA,196,194,2
477,2,08-18/1245,C,16,30,-30,11.4,11.4,3,NA,196,195,1
290,3,08-18/1082,C,18,30,-270,12.5,12.5,61,4.9,60,4,56
289,3,08-18/1082,C,18,30,-265,12.6,12.6,73,5.8,60,9,51
288,3,08-18/1082,C,18,30,-255,12.5,12.5,58,4.6,60,19,41
287,3,08-18/1082,C,18,30,-245,12.4,12.4,69,5.6,60,29,31
286,3,08-18/1081,C,18,30,-235,12.3,12.3,60,4.9,60,39,21
285,3,08-18/1080,C,18,30,-229,12.7,12.7,70,NA,60,45,15
284,3,08-18/1080,C,18,30,-227,12.7,12.7,70,NA,60,47,13
283,3,08-18/1081,C,18,30,-225,12.2,12.2,50,4.1,60,49,11
282,3,08-18/1080,C,18,30,-223,12.6,12.6,52,NA,60,51,9
281,3,08-18/1080,C,18,30,-221,12.5,12.5,34,NA,60,53,7
280,3,08-18/1080,C,18,30,-219,12.4,12.4,24,NA,60,55,5
279,3,08-18/1080,C,18,30,-217,12.3,12.3,37,NA,60,57,3
278,3,08-18/1080,C,18,30,-215,12.4,12.4,6,0.5,60,59,1
